{
    "О": 0.12223515715948778,
    "7": 0.0989522700814901,
    "Q": 0.07566938300349244,
    "Ё": 0.06984866123399301,
    "Ж": 0.0640279394644936,
    "П": 0.0570430733410943,
    "Я": 0.0570430733410943,
    "U": 0.05355064027939464,
    "Х": 0.03958090803259604,
    "1": 0.033760186263096625,
    "=": 0.033760186263096625,
    "Т": 0.027939464493597205,
    "\n": 0.025611175785797437,
    "К": 0.025611175785797437,
    "у": 0.024447031431897557,
    "Д": 0.023282887077997673,
    "Р": 0.023282887077997673,
    "<": 0.01629802095459837,
    "И": 0.01629802095459837,
    "ю": 0.01629802095459837,
    "%": 0.012805587892898719,
    "9": 0.009313154831199068,
    "N": 0.009313154831199068,
    "Й": 0.009313154831199068,
    "Y": 0.008149010477299184,
    "Z": 0.008149010477299184,
    "s": 0.008149010477299184,
    "3": 0.006984866123399301,
    "R": 0.006984866123399301,
    "i": 0.006984866123399301,
    "-": 0.0034924330616996507,
    "F": 0.0034924330616996507,
    "G": 0.0011641443538998836,
    "г": 0.0011641443538998836
}